worker_id,unit_id
55b645b1fdf99b1c02906872,1
55ca03e1fdf99b2735fc1dde,1
5658000ca9872d0011e1ba26,1
565bdfcec121fe0012fc3897,1
567dd32b4f0ef30006dbb718,1
56caf7b564c068000c4d798a,1
56f9364e895094000c8f4967,1
57bfc1beef05670001ee84c2,1
57d940a5995a0b00016350be,1
57e7bb4e73e67300012b8e2a,1
583ec287ad2f4300014b355a,1
58c1ce3c3783090001b49355,1
58d069219dbe3f0001258793,1
58d3dad59dbe3f0001258f66,1
58d9a79c33fef3000118abdf,1
58f0fca0d40252000192f201,1
5916bba1c40353000150c46c,1
5993020a5f49420001caf86b,1
599ec7dc617ca80001fcd124,1
59d0ec2446447f00011f0254,1
5a3bdd2c8d005a0001829f3e,1
5a84f454ae9a0b0001a9e4e5,1
5a8d8079190420000156435d,1
5b9fa85b4bca610001d791f3,1
5c024be169406e00014e0b8e,1
5c0fcccc1f6f150001487111,1
5c8541b79c5a3000016b2597,1
5c8eb16ed169ac0001c27629,1
5ca8f48c5689db001729e1f4,1
5caa4435fd086000196ddf13,1
5cb67a7ab73e8a001507fae5,1
5cfb5233df7d70001619ca90,1
5d163b2c601cd7000172713c,1
5d1d13c26ce490001692baa2,1
5d2215e737363e0001651a63,1
5d29cc8869a747001acdb3c1,1
5d31266f466cc90019de4e43,1
5d338bb02381b7001761694e,1
5d453e8723a5bb0001492546,1
5d463e632f66d00016120742,1
5d5181fc842e8600171e5a78,1
5d6691bf6c7981001a7fdbd6,1
5d9f0981b22ffb00118e84cd,1
5da8566c033d5700135798fb,1
5db4ef4a2986a3000be1f886,1
5dd352c51c219b35931aefd1,1
5dd3cfb7b103ee3b428185b2,1
5dd9923922749791b319fc19,1
5dfdc45e617219a8e2e05c26,1
5e04b9be7adf4bf23f066a2a,1
5e0d256753e8464d64940925,1
5e3dd36d19be0d040a17f13f,1
5e46d70ab1f1c5000d96800d,1
5e4d1a18a89adc000d588aba,1
5e531b2205acdb33c0f5f24c,1
5e556536e1cbcd56c3a50342,1
5e6b034bffc1a90c3fe8c234,1
5e6d07de9cf1952cdc94bf61,1
5e7027c5a2522d000bddb8f3,1
5e7a6846f0f631000a4e2b9d,1
5e836a3c2598d409928dae31,1
5e84f020507cd30b367b2624,1
5e935de580280569a374fa97,1
5e987098f1bb6707dca13f5b,1
5e9c8deb90dd470441c7f98e,1
5e9fc65dee2ccf178f0e413f,1
5eb29a3db97d6b0008d24a1a,1
5ec2feeb47c4471339d3b2ce,1
5edb6d2469290d00092100f8,1
5ee2916b70aa643be19c0036,1
5ee5e3b02eebe932ee9559c5,1
5f067f5d65bf871ea04329ed,1
5f0a7dec44c42c19a6c9f6d9,1
5f36bde6d3369c0cadac39bf,1
5f376a3c9604721f51cf52b5,1
5f3ebd568c429614c0f595e8,1
5f47f0dd26b052111e2d323b,1
5f4f12010c816616c12ab29d,1
5f4f990e0e7da9068d0a9802,1
5f565c9592080106c6b4d467,1
5f636ecb4ea0bf03d640028f,1
5f6e2f793c9b1032dbe72def,1
5f969b802a498b000aab2571,1
5f98ab718920801c578363ab,1
5f9b6cc0e01ad13902b38f60,1
5fb97228ff45687f38da7813,1
5fbae54831099083583afff0,1
600628028f2211980fd1632c,1
603ecd847a63f50124aa5822,1
6056bcf1cee7a41435889255,1
6061fff2c21e787791b1d052,1
60674e08ad872b4cd378a9df,1
607a7c3112ff1d9371319ed6,1
6095fc75ab1d101e060d808b,1
60b8a78e2fda6a8aa542f667,1
60bd28cc95ab27d4f4f6ada3,1
60c382725a7a55abef2e8e99,1
60ca4cfb5c287146cad0695a,1
60cf382898b50ef89e5efab3,1
60ef2700e476748689a999f7,1
60f6e261d3ae19349059a473,1
60f722b3a83e22a28e18860e,1
60fbed5d2532f7768e7b5a29,1
60fcb7afde5ab78707e377d6,1
60fde74940100db428b34a06,1
60fe12e72041bc1636d08771,1
61023ddd66a4dc36a987307c,1
61071450feadc0a059bcf95c,1
6107f04303b4dfbf37e46cb6,1
610ea8594ef0dfd35a9f98cb,1
6111234ac8cfa49e38acbfb4,1
6112ffdc288bd3e0ab310e22,1
61151fdceebe67102a0983ad,1
6117efedb574017076d5b499,1
611c18741383827821a91823,1
611dbfe946412da7f8c130f7,1
611e98f99f858a3980832435,1
611eeb35a6288fcbe35bd45c,1
612a8fa4bc1b85707e319280,1
612bb0204ad8e7e8bed041eb,1
612fd3208d3decaf3ec80bcc,1
61372727e083e6cd1c827f81,1
613e002e81f4b2409b531dbd,1
6140d157b34095ebc86d65c1,1
614bbf1e7de43dee7386fe3f,1
614f6bad672ef7cf5ecfd965,1
615200800c7a074171c4968d,1
615dbf532dce1f14ef1b3ddc,1
6168b61ad8c0d63b37a92109,1
6168cbfbad1cc13ba73ade6e,1
616b5241d8eb9504f10a5cb2,1
616c056b42e788ef31efc4b0,1
61719bfec06e3136189edb55,1
61bb3a5340db417c1a138ffc,1
62349b2406ea604d296bd69d,1
6236fe0ee063333a3e1ba72a,1
6266a84a363636eab2c40c41,1
6266a87a7adacd7a91cabc93,1
62711f17fc06135fb32b6e6b,1
627121bbdd4e39bcc0a0079f,1
6272919c35ab7659d0754c07,1
6273088a00cf446a9c9cd8f6,1
627524293d738cdeebb0d481,1
6277f24d24ba4608b3fa016c,1
627935c4e5d7e70b502e206e,1
62865c743c2f320d48ab2912,1
6287a8c4a6303ff156cd0853,1
628bb1c546f713e7807599a8,1
628bbb2ee6fec777973bf2c4,1
628f572a2d1304a34b9e1a37,1
628fde22d960fa7a63fb231d,1
6290c772938bc3b286388004,1
629288376055ad7fb05bbf77,1
6294bc3eec2ddf53f2dc9316,1
6294c9a9c673efce2f6528dc,1
62976e7114308ee7c69d10ae,1
6298f812c9026fec4b2f028f,1
629b4d940b984723e59c13ce,1
629e241d171ec6698e05f149,1
629e2941fc423a5cd2d2daba,1
629e3b29a4c6a6994feefef8,1
62a73647a057bfcf74a8d20a,1
62b077136224952ffd679d48,1
62b091722350e1bcc3d73528,1
62b0b9d60841bfa66838f436,1
62b20c0065e9809e66d13fa5,1
62bb53a41c9cfff9c9a148c9,1
62bd1d1283b326cde10cf27a,1
62bd685ac3edc9ad0d77812b,1
62c41fe598ab94de4d4f021e,1
62c84b75835be6f44f99acd1,1
62c8c2d71e87b86722f0215b,1
62c8d23e8eb59ca0306d4463,1
62cc1f77c32651ff9d35a471,1
62cc29c588d2f7282c384ab9,1
62ccc441a118b06a27cd5cdc,1
62cf2192b9212fc96a5b3917,1
62cf3efe6b75b1e4ee3c372f,1
62d9b8f821e545b0a264bc77,1
62da0d692b89efcaba51846d,1
62da96ec6d17660ed2b57be6,1
62e16fb51640e18c6eae623f,1
62e2d5c238c450c3579dfa91,1
62e42aaad0079d2ff8e97597,1
62eafaf1c492443983b3557f,1
62ee44b74f44e600e27a3507,1
62ef104b5e9352c2ead31fde,1
62ef2768d2ff53772298a265,1
62f18e19c8792e9ce92133a6,1
62f26bd83a224b27ea4aae5d,1
62f31911f6572d09a0e47369,1
62f44f57c62fa25bb19127e9,1
62f8f6e9f4586438b191a9a4,1
62fb383ce16d6921d1c2c2b8,1
62fd0bc538d70b87550691f7,1
62fe9bebf5d09924e321a32c,1
62ff8c9ff1c92a7c721d3fcc,1
62ffe924cae68af25dd6c1d3,1
63011587244386e361cd2f6c,1
6301b7caed960c3930057c7a,1
